Src IP,Dst IP,Start Time,End Time,Destination Port,Flow Duration,Total Fwd Packets,Total Backward Packets,Total Length of Fwd Packets,Total Length of Bwd Packets,Fwd Packet Length Max,Fwd Packet Length Min,Fwd Packet Length Mean,Bwd Packet Length Max,Bwd Packet Length Min,Bwd Packet Length Mean,Flow Bytes/s,Flow Packets/s,Fwd IAT Mean,Bwd IAT Mean,Fwd Header Length,Bwd Header Length,Average Packet Size,Subflow Fwd Bytes,ML_Label
172.21.202.48,172.21.202.182,1763024013.8310173,1763024013.8310173,8080,0.0,1,0,54,0,54,54,54.0,0,0,0.0,0.0,0.0,0.0,0.0,20,0,54.0,54,PortScan
172.21.202.48,172.21.202.182,1763024013.8310194,1763024013.8310194,22,0.0,1,0,54,0,54,54,54.0,0,0,0.0,0.0,0.0,0.0,0.0,20,0,54.0,54,PortScan
172.21.202.48,172.21.202.182,1763024013.8310177,1763024013.8310177,256,0.0,1,0,54,0,54,54,54.0,0,0,0.0,0.0,0.0,0.0,0.0,20,0,54.0,54,PortScan
172.21.202.48,172.21.202.182,1763024013.8310196,1763024013.8310196,5900,0.0,1,0,54,0,54,54,54.0,0,0,0.0,0.0,0.0,0.0,0.0,20,0,54.0,54,PortScan
172.21.202.48,172.21.202.182,1763024013.8310196,1763024013.8310196,993,0.0,1,0,54,0,54,54,54.0,0,0,0.0,0.0,0.0,0.0,0.0,20,0,54.0,54,PortScan
172.21.202.48,172.21.202.182,1763024013.8310196,1763024013.8310196,111,0.0,1,0,54,0,54,54,54.0,0,0,0.0,0.0,0.0,0.0,0.0,20,0,54.0,54,PortScan
172.21.202.48,172.21.202.182,1763024013.8310628,1763024013.8310628,113,0.0,1,0,54,0,54,54,54.0,0,0,0.0,0.0,0.0,0.0,0.0,20,0,54.0,54,PortScan
172.21.202.48,172.21.202.182,1763024013.8310642,1763024013.8310642,554,0.0,1,0,54,0,54,54,54.0,0,0,0.0,0.0,0.0,0.0,0.0,20,0,54.0,54,PortScan
172.21.202.48,172.21.202.182,1763024013.8310642,1763024013.8310642,8888,0.0,1,0,54,0,54,54,54.0,0,0,0.0,0.0,0.0,0.0,0.0,20,0,54.0,54,PortScan
172.21.202.48,172.21.202.182,1763024013.8310754,1763024013.8310754,25,0.0,1,0,54,0,54,54,54.0,0,0,0.0,0.0,0.0,0.0,0.0,20,0,54.0,54,PortScan
172.21.202.48,172.21.202.182,1763024014.213638,1763024027.220741,0,13.007102966308594,14,14,1372,1372,98,98,98.0,98,98,98.0,210.96165741961104,2.1526699736695005,1.0005413752335768,1.000541852070735,0,0,98.0,1372,PortScan
172.21.202.182,172.21.202.180,1763024014.2442553,1763024019.5707486,53,5.326493263244629,2,1,160,138,80,80,80.0,138,138,138.0,55.94675244524266,0.5632223400527785,5.2499072551727295,0.0,16,8,99.33333333333333,160,BENIGN
172.65.251.78,172.21.202.182,1763024014.2883792,1763024026.198712,48976,11.910332918167114,5,5,630,330,126,126,126.0,66,66,66.0,80.60228094343938,0.8396070931608269,2.97756689786911,2.9775688648223877,160,160,96.0,630,BENIGN
172.21.202.182,20.250.119.64,1763024014.298012,1763024014.3945332,443,0.09652113914489746,1,1,66,54,66,66,66.0,54,54,54.0,1243.2509713738054,20.720849522896756,0.0,0.0,32,20,60.0,66,BENIGN
172.21.202.182,35.186.224.24,1763024014.53188,1763024018.077216,443,3.5453360080718994,7,10,3503,1180,2066,66,500.42857142857144,344,66,118.0,1320.8903159920262,4.795032110156832,0.5805805126825968,0.3839755853017171,224,320,275.47058823529414,3503,BENIGN
172.21.202.48,172.21.202.182,1763024014.5614269,1763024014.5614269,445,0.0,1,0,54,0,54,54,54.0,0,0,0.0,0.0,0.0,0.0,0.0,20,0,54.0,54,PortScan
172.21.202.48,172.21.202.182,1763024014.561427,1763024014.561427,110,0.0,1,0,54,0,54,54,54.0,0,0,0.0,0.0,0.0,0.0,0.0,20,0,54.0,54,PortScan
172.21.202.48,172.21.202.182,1763024014.5614848,1763024014.5614848,21,0.0,1,0,54,0,54,54,54.0,0,0,0.0,0.0,0.0,0.0,0.0,20,0,54.0,54,PortScan
172.21.202.48,172.21.202.182,1763024014.5614853,1763024014.5614853,135,0.0,1,0,54,0,54,54,54.0,0,0,0.0,0.0,0.0,0.0,0.0,20,0,54.0,54,PortScan
172.21.202.48,172.21.202.182,1763024014.5615084,1763024014.5615084,443,0.0,1,0,54,0,54,54,54.0,0,0,0.0,0.0,0.0,0.0,0.0,20,0,54.0,54,PortScan
172.21.202.48,172.21.202.182,1763024014.5615087,1763024014.5615087,143,0.0,1,0,54,0,54,54,54.0,0,0,0.0,0.0,0.0,0.0,0.0,20,0,54.0,54,PortScan
172.21.202.48,172.21.202.182,1763024014.5615366,1763024014.5615366,139,0.0,1,0,54,0,54,54,54.0,0,0,0.0,0.0,0.0,0.0,0.0,20,0,54.0,54,PortScan
172.21.202.48,172.21.202.182,1763024014.5615513,1763024014.5615513,1723,0.0,1,0,54,0,54,54,54.0,0,0,0.0,0.0,0.0,0.0,0.0,20,0,54.0,54,PortScan
172.21.202.48,172.21.202.182,1763024014.5615523,1763024014.5615523,3389,0.0,1,0,54,0,54,54,54.0,0,0,0.0,0.0,0.0,0.0,0.0,20,0,54.0,54,PortScan
172.21.202.48,172.21.202.182,1763024014.5615525,1763024014.5615525,1720,0.0,1,0,54,0,54,54,54.0,0,0,0.0,0.0,0.0,0.0,0.0,20,0,54.0,54,PortScan
172.21.202.182,41.110.50.15,1763024014.680583,1763024027.4324272,443,12.75184416770935,79,459,21594,575456,1292,72,273.34177215189874,1292,65,1253.7167755991286,46820.678809098856,42.18997604772663,0.16346138562911597,0.027715525772894312,632,3672,1109.7583643122678,21594,BENIGN
172.21.202.182,35.190.80.1,1763024015.3220615,1763024015.3220615,443,0.0,1,0,74,0,74,74,74.0,0,0,0.0,0.0,0.0,0.0,0.0,40,0,74.0,74,BENIGN
172.21.202.48,172.21.202.182,1763024015.32693,1763024015.32693,1720,0.0,1,0,54,0,54,54,54.0,0,0,0.0,0.0,0.0,0.0,0.0,20,0,54.0,54,PortScan
172.21.202.48,172.21.202.182,1763024015.3269303,1763024015.3269303,3389,0.0,1,0,54,0,54,54,54.0,0,0,0.0,0.0,0.0,0.0,0.0,20,0,54.0,54,PortScan
172.21.202.48,172.21.202.182,1763024015.3269303,1763024015.3269303,445,0.0,1,0,54,0,54,54,54.0,0,0,0.0,0.0,0.0,0.0,0.0,20,0,54.0,54,PortScan
172.21.202.48,172.21.202.182,1763024015.3269825,1763024015.3269825,135,0.0,1,0,54,0,54,54,54.0,0,0,0.0,0.0,0.0,0.0,0.0,20,0,54.0,54,PortScan
172.21.202.48,172.21.202.182,1763024015.3269827,1763024015.3269827,21,0.0,1,0,54,0,54,54,54.0,0,0,0.0,0.0,0.0,0.0,0.0,20,0,54.0,54,PortScan
172.21.202.48,172.21.202.182,1763024015.3270047,1763024015.3270047,443,0.0,1,0,54,0,54,54,54.0,0,0,0.0,0.0,0.0,0.0,0.0,20,0,54.0,54,PortScan
172.21.202.48,172.21.202.182,1763024015.327005,1763024015.327005,143,0.0,1,0,54,0,54,54,54.0,0,0,0.0,0.0,0.0,0.0,0.0,20,0,54.0,54,PortScan
172.21.202.48,172.21.202.182,1763024015.3270233,1763024015.3270233,139,0.0,1,0,54,0,54,54,54.0,0,0,0.0,0.0,0.0,0.0,0.0,20,0,54.0,54,PortScan
172.21.202.48,172.21.202.182,1763024015.3270237,1763024015.3270237,1723,0.0,1,0,54,0,54,54,54.0,0,0,0.0,0.0,0.0,0.0,0.0,20,0,54.0,54,PortScan
172.21.202.48,172.21.202.182,1763024015.3270392,1763024015.3270392,110,0.0,1,0,54,0,54,54,54.0,0,0,0.0,0.0,0.0,0.0,0.0,20,0,54.0,54,PortScan
172.21.202.182,142.251.140.238,1763024015.8339632,1763024015.8960254,443,0.06206226348876953,1,1,66,66,66,66,66.0,66,66,66.0,2126.8963228175853,32.225701860872505,0.0,0.0,32,32,66.0,66,BENIGN
172.21.202.48,172.21.202.182,1763024016.0558567,1763024016.0558567,1025,0.0,1,0,54,0,54,54,54.0,0,0,0.0,0.0,0.0,0.0,0.0,20,0,54.0,54,PortScan
172.21.202.48,172.21.202.182,1763024016.055857,1763024016.055857,199,0.0,1,0,54,0,54,54,54.0,0,0,0.0,0.0,0.0,0.0,0.0,20,0,54.0,54,PortScan
172.21.202.48,172.21.202.182,1763024016.0559194,1763024016.0559194,7937,0.0,1,0,54,0,54,54,54.0,0,0,0.0,0.0,0.0,0.0,0.0,20,0,54.0,54,PortScan
172.21.202.48,172.21.202.182,1763024016.0559192,1763024016.0559192,995,0.0,1,0,54,0,54,54,54.0,0,0,0.0,0.0,0.0,0.0,0.0,20,0,54.0,54,PortScan
172.21.202.48,172.21.202.182,1763024016.0559196,1763024016.0559196,23,0.0,1,0,54,0,54,54,54.0,0,0,0.0,0.0,0.0,0.0,0.0,20,0,54.0,54,PortScan
172.21.202.48,172.21.202.182,1763024016.0559194,1763024016.0559194,3306,0.0,1,0,54,0,54,54,54.0,0,0,0.0,0.0,0.0,0.0,0.0,20,0,54.0,54,PortScan
172.21.202.48,172.21.202.182,1763024016.0559413,1763024016.0559413,53,0.0,1,0,54,0,54,54,54.0,0,0,0.0,0.0,0.0,0.0,0.0,20,0,54.0,54,PortScan
172.21.202.48,172.21.202.182,1763024016.0559566,1763024016.0559566,587,0.0,1,0,54,0,54,54,54.0,0,0,0.0,0.0,0.0,0.0,0.0,20,0,54.0,54,PortScan
172.21.202.48,172.21.202.182,1763024016.0559566,1763024016.0559566,3268,0.0,1,0,54,0,54,54,54.0,0,0,0.0,0.0,0.0,0.0,0.0,20,0,54.0,54,PortScan
172.21.202.48,172.21.202.182,1763024016.055969,1763024016.055969,80,0.0,1,0,54,0,54,54,54.0,0,0,0.0,0.0,0.0,0.0,0.0,20,0,54.0,54,PortScan
172.21.202.182,192.168.82.1,1763024016.2368643,1763024016.2368643,80,0.0,1,0,74,0,74,74,74.0,0,0,0.0,0.0,0.0,0.0,0.0,40,0,74.0,74,BENIGN
172.21.202.182,192.168.82.2,1763024016.2369034,1763024016.2369034,80,0.0,1,0,74,0,74,74,74.0,0,0,0.0,0.0,0.0,0.0,0.0,40,0,74.0,74,BENIGN
172.21.202.182,192.168.82.3,1763024016.2369182,1763024016.2369182,80,0.0,1,0,74,0,74,74,74.0,0,0,0.0,0.0,0.0,0.0,0.0,40,0,74.0,74,BENIGN
172.21.202.182,192.168.82.4,1763024016.23693,1763024016.23693,80,0.0,1,0,74,0,74,74,74.0,0,0,0.0,0.0,0.0,0.0,0.0,40,0,74.0,74,BENIGN
172.21.202.182,192.168.82.5,1763024016.2369423,1763024016.2369423,80,0.0,1,0,74,0,74,74,74.0,0,0,0.0,0.0,0.0,0.0,0.0,40,0,74.0,74,BENIGN
172.21.202.182,192.168.82.6,1763024016.2369533,1763024016.2369533,80,0.0,1,0,74,0,74,74,74.0,0,0,0.0,0.0,0.0,0.0,0.0,40,0,74.0,74,BENIGN
172.21.202.182,192.168.82.7,1763024016.2369654,1763024016.2369654,80,0.0,1,0,74,0,74,74,74.0,0,0,0.0,0.0,0.0,0.0,0.0,40,0,74.0,74,BENIGN
172.21.202.182,192.168.82.8,1763024016.2369783,1763024016.2369783,80,0.0,1,0,74,0,74,74,74.0,0,0,0.0,0.0,0.0,0.0,0.0,40,0,74.0,74,BENIGN
172.21.202.182,192.168.82.9,1763024016.23699,1763024016.23699,80,0.0,1,0,74,0,74,74,74.0,0,0,0.0,0.0,0.0,0.0,0.0,40,0,74.0,74,BENIGN
172.21.202.182,192.168.82.10,1763024016.237001,1763024016.237001,80,0.0,1,0,74,0,74,74,74.0,0,0,0.0,0.0,0.0,0.0,0.0,40,0,74.0,74,BENIGN
172.21.202.48,172.21.202.182,1763024016.7763584,1763024016.7763584,199,0.0,1,0,54,0,54,54,54.0,0,0,0.0,0.0,0.0,0.0,0.0,20,0,54.0,54,PortScan
172.21.202.48,172.21.202.182,1763024016.7763584,1763024016.7763584,1025,0.0,1,0,54,0,54,54,54.0,0,0,0.0,0.0,0.0,0.0,0.0,20,0,54.0,54,PortScan
172.21.202.48,172.21.202.182,1763024016.7764146,1763024016.7764146,7937,0.0,1,0,54,0,54,54,54.0,0,0,0.0,0.0,0.0,0.0,0.0,20,0,54.0,54,PortScan
172.21.202.48,172.21.202.182,1763024016.7764149,1763024016.7764149,995,0.0,1,0,54,0,54,54,54.0,0,0,0.0,0.0,0.0,0.0,0.0,20,0,54.0,54,PortScan
172.21.202.48,172.21.202.182,1763024016.7764149,1763024016.7764149,23,0.0,1,0,54,0,54,54,54.0,0,0,0.0,0.0,0.0,0.0,0.0,20,0,54.0,54,PortScan
172.21.202.48,172.21.202.182,1763024016.776415,1763024016.776415,3306,0.0,1,0,54,0,54,54,54.0,0,0,0.0,0.0,0.0,0.0,0.0,20,0,54.0,54,PortScan
172.21.202.48,172.21.202.182,1763024016.776437,1763024016.776437,53,0.0,1,0,54,0,54,54,54.0,0,0,0.0,0.0,0.0,0.0,0.0,20,0,54.0,54,PortScan
172.21.202.48,172.21.202.182,1763024016.776455,1763024016.776455,3268,0.0,1,0,54,0,54,54,54.0,0,0,0.0,0.0,0.0,0.0,0.0,20,0,54.0,54,PortScan
172.21.202.48,172.21.202.182,1763024016.776455,1763024016.776455,587,0.0,1,0,54,0,54,54,54.0,0,0,0.0,0.0,0.0,0.0,0.0,20,0,54.0,54,PortScan
172.21.202.48,172.21.202.182,1763024016.776474,1763024016.776474,80,0.0,1,0,54,0,54,54,54.0,0,0,0.0,0.0,0.0,0.0,0.0,20,0,54.0,54,PortScan
172.21.202.182,192.168.82.13,1763024017.238269,1763024017.238269,80,0.0,1,0,74,0,74,74,74.0,0,0,0.0,0.0,0.0,0.0,0.0,40,0,74.0,74,BENIGN
172.21.202.182,192.168.82.14,1763024017.2383256,1763024017.2383256,80,0.0,1,0,74,0,74,74,74.0,0,0,0.0,0.0,0.0,0.0,0.0,40,0,74.0,74,BENIGN
172.21.202.182,192.168.82.15,1763024017.2383518,1763024017.2383518,80,0.0,1,0,74,0,74,74,74.0,0,0,0.0,0.0,0.0,0.0,0.0,40,0,74.0,74,BENIGN
172.21.202.182,192.168.82.16,1763024017.2383776,1763024017.2383776,80,0.0,1,0,74,0,74,74,74.0,0,0,0.0,0.0,0.0,0.0,0.0,40,0,74.0,74,BENIGN
172.21.202.182,192.168.82.17,1763024017.2384188,1763024017.2384188,80,0.0,1,0,74,0,74,74,74.0,0,0,0.0,0.0,0.0,0.0,0.0,40,0,74.0,74,BENIGN
172.21.202.182,192.168.82.18,1763024017.2384474,1763024017.2384474,80,0.0,1,0,74,0,74,74,74.0,0,0,0.0,0.0,0.0,0.0,0.0,40,0,74.0,74,BENIGN
172.21.202.182,192.168.82.19,1763024017.238473,1763024017.238473,80,0.0,1,0,74,0,74,74,74.0,0,0,0.0,0.0,0.0,0.0,0.0,40,0,74.0,74,BENIGN
172.21.202.182,192.168.82.20,1763024017.2384977,1763024017.2384977,80,0.0,1,0,74,0,74,74,74.0,0,0,0.0,0.0,0.0,0.0,0.0,40,0,74.0,74,BENIGN
172.21.202.182,192.168.82.21,1763024017.238524,1763024017.238524,80,0.0,1,0,74,0,74,74,74.0,0,0,0.0,0.0,0.0,0.0,0.0,40,0,74.0,74,BENIGN
172.21.202.182,192.168.82.22,1763024017.2385488,1763024017.2385488,80,0.0,1,0,74,0,74,74,74.0,0,0,0.0,0.0,0.0,0.0,0.0,40,0,74.0,74,BENIGN
172.21.202.48,172.21.202.182,1763024017.5931368,1763024017.5931368,2047,0.0,1,0,54,0,54,54,54.0,0,0,0.0,0.0,0.0,0.0,0.0,20,0,54.0,54,PortScan
172.21.202.48,172.21.202.182,1763024017.5931437,1763024017.5931437,8652,0.0,1,0,54,0,54,54,54.0,0,0,0.0,0.0,0.0,0.0,0.0,20,0,54.0,54,PortScan
172.21.202.48,172.21.202.182,1763024017.593144,1763024017.593144,17877,0.0,1,0,54,0,54,54,54.0,0,0,0.0,0.0,0.0,0.0,0.0,20,0,54.0,54,PortScan
172.21.202.48,172.21.202.182,1763024017.5931942,1763024017.5931942,3828,0.0,1,0,54,0,54,54,54.0,0,0,0.0,0.0,0.0,0.0,0.0,20,0,54.0,54,PortScan
172.21.202.48,172.21.202.182,1763024017.5932002,1763024017.5932002,5987,0.0,1,0,54,0,54,54,54.0,0,0,0.0,0.0,0.0,0.0,0.0,20,0,54.0,54,PortScan
172.21.202.48,172.21.202.182,1763024017.5932002,1763024017.5932002,6667,0.0,1,0,54,0,54,54,54.0,0,0,0.0,0.0,0.0,0.0,0.0,20,0,54.0,54,PortScan
172.21.202.48,172.21.202.182,1763024017.5932004,1763024017.5932004,8100,0.0,1,0,54,0,54,54,54.0,0,0,0.0,0.0,0.0,0.0,0.0,20,0,54.0,54,PortScan
172.21.202.48,172.21.202.182,1763024017.5932133,1763024017.5932133,8292,0.0,1,0,54,0,54,54,54.0,0,0,0.0,0.0,0.0,0.0,0.0,20,0,54.0,54,PortScan
172.21.202.48,172.21.202.182,1763024017.5932136,1763024017.5932136,100,0.0,1,0,54,0,54,54,54.0,0,0,0.0,0.0,0.0,0.0,0.0,20,0,54.0,54,PortScan
172.21.202.48,172.21.202.182,1763024017.593232,1763024017.593232,8022,0.0,1,0,54,0,54,54,54.0,0,0,0.0,0.0,0.0,0.0,0.0,20,0,54.0,54,PortScan
172.21.202.182,192.178.169.94,1763024017.8819532,1763024017.8819532,443,0.0,1,0,74,0,74,74,74.0,0,0,0.0,0.0,0.0,0.0,0.0,40,0,74.0,74,BENIGN
172.21.202.48,172.21.202.182,1763024018.2391887,1763024018.2391887,2047,0.0,1,0,54,0,54,54,54.0,0,0,0.0,0.0,0.0,0.0,0.0,20,0,54.0,54,PortScan
172.21.202.48,172.21.202.182,1763024018.2391932,1763024018.2391932,8652,0.0,1,0,54,0,54,54,54.0,0,0,0.0,0.0,0.0,0.0,0.0,20,0,54.0,54,PortScan
172.21.202.48,172.21.202.182,1763024018.2391934,1763024018.2391934,17877,0.0,1,0,54,0,54,54,54.0,0,0,0.0,0.0,0.0,0.0,0.0,20,0,54.0,54,PortScan
172.21.202.48,172.21.202.182,1763024018.2392426,1763024018.2392426,3828,0.0,1,0,54,0,54,54,54.0,0,0,0.0,0.0,0.0,0.0,0.0,20,0,54.0,54,PortScan
172.21.202.48,172.21.202.182,1763024018.2392473,1763024018.2392473,6667,0.0,1,0,54,0,54,54,54.0,0,0,0.0,0.0,0.0,0.0,0.0,20,0,54.0,54,PortScan
172.21.202.48,172.21.202.182,1763024018.2392476,1763024018.2392476,5987,0.0,1,0,54,0,54,54,54.0,0,0,0.0,0.0,0.0,0.0,0.0,20,0,54.0,54,PortScan
172.21.202.48,172.21.202.182,1763024018.2392476,1763024018.2392476,8100,0.0,1,0,54,0,54,54,54.0,0,0,0.0,0.0,0.0,0.0,0.0,20,0,54.0,54,PortScan
172.21.202.48,172.21.202.182,1763024018.23926,1763024018.23926,8292,0.0,1,0,54,0,54,54,54.0,0,0,0.0,0.0,0.0,0.0,0.0,20,0,54.0,54,PortScan
172.21.202.48,172.21.202.182,1763024018.2392602,1763024018.2392602,100,0.0,1,0,54,0,54,54,54.0,0,0,0.0,0.0,0.0,0.0,0.0,20,0,54.0,54,PortScan
172.21.202.48,172.21.202.182,1763024018.2392783,1763024018.2392783,8022,0.0,1,0,54,0,54,54,54.0,0,0,0.0,0.0,0.0,0.0,0.0,20,0,54.0,54,PortScan
172.21.202.182,192.168.82.1,1763024018.2398548,1763024018.2398548,80,0.0,1,0,74,0,74,74,74.0,0,0,0.0,0.0,0.0,0.0,0.0,40,0,74.0,74,BENIGN
172.21.202.182,192.168.82.2,1763024018.2399251,1763024018.2399251,80,0.0,1,0,74,0,74,74,74.0,0,0,0.0,0.0,0.0,0.0,0.0,40,0,74.0,74,BENIGN
172.21.202.182,192.168.82.3,1763024018.2399533,1763024018.2399533,80,0.0,1,0,74,0,74,74,74.0,0,0,0.0,0.0,0.0,0.0,0.0,40,0,74.0,74,BENIGN
172.21.202.182,192.168.82.4,1763024018.2399771,1763024018.2399771,80,0.0,1,0,74,0,74,74,74.0,0,0,0.0,0.0,0.0,0.0,0.0,40,0,74.0,74,BENIGN
172.21.202.182,192.168.82.5,1763024018.2400005,1763024018.2400005,80,0.0,1,0,74,0,74,74,74.0,0,0,0.0,0.0,0.0,0.0,0.0,40,0,74.0,74,BENIGN
172.21.202.182,192.168.82.6,1763024018.2400234,1763024018.2400234,80,0.0,1,0,74,0,74,74,74.0,0,0,0.0,0.0,0.0,0.0,0.0,40,0,74.0,74,BENIGN
172.21.202.182,192.168.82.7,1763024018.2400453,1763024018.2400453,80,0.0,1,0,74,0,74,74,74.0,0,0,0.0,0.0,0.0,0.0,0.0,40,0,74.0,74,BENIGN
172.21.202.182,192.168.82.8,1763024018.2400682,1763024018.2400682,80,0.0,1,0,74,0,74,74,74.0,0,0,0.0,0.0,0.0,0.0,0.0,40,0,74.0,74,BENIGN
172.21.202.182,192.168.82.9,1763024018.2400908,1763024018.2400908,80,0.0,1,0,74,0,74,74,74.0,0,0,0.0,0.0,0.0,0.0,0.0,40,0,74.0,74,BENIGN
172.21.202.182,192.168.82.10,1763024018.2401154,1763024018.2401154,80,0.0,1,0,74,0,74,74,74.0,0,0,0.0,0.0,0.0,0.0,0.0,40,0,74.0,74,BENIGN
172.21.202.48,172.21.202.182,1763024018.948485,1763024018.948485,1080,0.0,1,0,54,0,54,54,54.0,0,0,0.0,0.0,0.0,0.0,0.0,20,0,54.0,54,PortScan
172.21.202.48,172.21.202.182,1763024018.9484835,1763024018.9484835,16012,0.0,1,0,54,0,54,54,54.0,0,0,0.0,0.0,0.0,0.0,0.0,20,0,54.0,54,PortScan
172.21.202.48,172.21.202.182,1763024018.9484851,1763024018.9484851,1974,0.0,1,0,54,0,54,54,54.0,0,0,0.0,0.0,0.0,0.0,0.0,20,0,54.0,54,PortScan
172.21.202.48,172.21.202.182,1763024018.948529,1763024018.948529,8083,0.0,1,0,54,0,54,54,54.0,0,0,0.0,0.0,0.0,0.0,0.0,20,0,54.0,54,PortScan
172.21.202.48,172.21.202.182,1763024018.9485307,1763024018.9485307,2998,0.0,1,0,54,0,54,54,54.0,0,0,0.0,0.0,0.0,0.0,0.0,20,0,54.0,54,PortScan
172.21.202.48,172.21.202.182,1763024018.9485307,1763024018.9485307,49156,0.0,1,0,54,0,54,54,54.0,0,0,0.0,0.0,0.0,0.0,0.0,20,0,54.0,54,PortScan
172.21.202.48,172.21.202.182,1763024018.948548,1763024018.948548,5822,0.0,1,0,54,0,54,54,54.0,0,0,0.0,0.0,0.0,0.0,0.0,20,0,54.0,54,PortScan
172.21.202.48,172.21.202.182,1763024018.9485483,1763024018.9485483,15003,0.0,1,0,54,0,54,54,54.0,0,0,0.0,0.0,0.0,0.0,0.0,20,0,54.0,54,PortScan
172.21.202.48,172.21.202.182,1763024018.9485621,1763024018.9485621,5003,0.0,1,0,54,0,54,54,54.0,0,0,0.0,0.0,0.0,0.0,0.0,20,0,54.0,54,PortScan
172.21.202.48,172.21.202.182,1763024018.9485693,1763024018.9485693,8600,0.0,1,0,54,0,54,54,54.0,0,0,0.0,0.0,0.0,0.0,0.0,20,0,54.0,54,PortScan
172.21.202.182,192.168.82.27,1763024019.2412078,1763024019.2412078,80,0.0,1,0,74,0,74,74,74.0,0,0,0.0,0.0,0.0,0.0,0.0,40,0,74.0,74,BENIGN
172.21.202.182,192.168.82.28,1763024019.2412322,1763024019.2412322,80,0.0,1,0,74,0,74,74,74.0,0,0,0.0,0.0,0.0,0.0,0.0,40,0,74.0,74,BENIGN
172.21.202.182,192.168.82.29,1763024019.2412465,1763024019.2412465,80,0.0,1,0,74,0,74,74,74.0,0,0,0.0,0.0,0.0,0.0,0.0,40,0,74.0,74,BENIGN
172.21.202.182,192.168.82.30,1763024019.2412603,1763024019.2412603,80,0.0,1,0,74,0,74,74,74.0,0,0,0.0,0.0,0.0,0.0,0.0,40,0,74.0,74,BENIGN
172.21.202.182,192.168.82.31,1763024019.2412736,1763024019.2412736,80,0.0,1,0,74,0,74,74,74.0,0,0,0.0,0.0,0.0,0.0,0.0,40,0,74.0,74,BENIGN
172.21.202.182,192.168.82.32,1763024019.2412865,1763024019.2412865,80,0.0,1,0,74,0,74,74,74.0,0,0,0.0,0.0,0.0,0.0,0.0,40,0,74.0,74,BENIGN
172.21.202.182,192.168.82.33,1763024019.2413,1763024019.2413,80,0.0,1,0,74,0,74,74,74.0,0,0,0.0,0.0,0.0,0.0,0.0,40,0,74.0,74,BENIGN
172.21.202.182,192.168.82.34,1763024019.241315,1763024019.241315,80,0.0,1,0,74,0,74,74,74.0,0,0,0.0,0.0,0.0,0.0,0.0,40,0,74.0,74,BENIGN
172.21.202.182,192.168.82.35,1763024019.2413306,1763024019.2413306,80,0.0,1,0,74,0,74,74,74.0,0,0,0.0,0.0,0.0,0.0,0.0,40,0,74.0,74,BENIGN
172.21.202.182,192.168.82.36,1763024019.2413445,1763024019.2413445,80,0.0,1,0,74,0,74,74,74.0,0,0,0.0,0.0,0.0,0.0,0.0,40,0,74.0,74,BENIGN
172.21.202.182,172.21.202.180,1763024019.4991431,1763024019.5707512,53,0.07160806655883789,1,1,90,106,90,90,90.0,106,106,106.0,2737.1217995245484,27.92981428086274,0.0,0.0,8,8,98.0,90,BENIGN
172.21.202.182,35.186.224.24,1763024019.5728693,1763024020.639744,443,1.0668747425079346,7,6,6743,3521,1292,73,963.2857142857143,1292,66,586.8333333333334,9620.623294419836,12.185123034631514,0.17381640275319418,0.04275050163269043,56,48,789.5384615384615,6743,BENIGN
172.21.202.182,35.186.224.24,1763024019.5732334,1763024019.9536512,443,0.3804178237915039,9,11,6115,1149,2842,66,679.4444444444445,329,66,104.45454545454545,19094.794054605576,52.57377217677747,0.03886866569519043,0.021106719970703125,288,352,363.2,6115,BENIGN
172.21.202.48,172.21.202.182,1763024019.7425203,1763024019.7425203,1080,0.0,1,0,54,0,54,54,54.0,0,0,0.0,0.0,0.0,0.0,0.0,20,0,54.0,54,PortScan
172.21.202.48,172.21.202.182,1763024019.7425187,1763024019.7425187,16012,0.0,1,0,54,0,54,54,54.0,0,0,0.0,0.0,0.0,0.0,0.0,20,0,54.0,54,PortScan
172.21.202.48,172.21.202.182,1763024019.7425203,1763024019.7425203,1974,0.0,1,0,54,0,54,54,54.0,0,0,0.0,0.0,0.0,0.0,0.0,20,0,54.0,54,PortScan
172.21.202.48,172.21.202.182,1763024019.7425716,1763024019.7425716,49156,0.0,1,0,54,0,54,54,54.0,0,0,0.0,0.0,0.0,0.0,0.0,20,0,54.0,54,PortScan
172.21.202.48,172.21.202.182,1763024019.7425718,1763024019.7425718,2998,0.0,1,0,54,0,54,54,54.0,0,0,0.0,0.0,0.0,0.0,0.0,20,0,54.0,54,PortScan
172.21.202.48,172.21.202.182,1763024019.7425838,1763024019.7425838,8083,0.0,1,0,54,0,54,54,54.0,0,0,0.0,0.0,0.0,0.0,0.0,20,0,54.0,54,PortScan
172.21.202.48,172.21.202.182,1763024019.742596,1763024019.742596,15003,0.0,1,0,54,0,54,54,54.0,0,0,0.0,0.0,0.0,0.0,0.0,20,0,54.0,54,PortScan
172.21.202.48,172.21.202.182,1763024019.7425961,1763024019.7425961,5822,0.0,1,0,54,0,54,54,54.0,0,0,0.0,0.0,0.0,0.0,0.0,20,0,54.0,54,PortScan
172.21.202.48,172.21.202.182,1763024019.7426147,1763024019.7426147,5003,0.0,1,0,54,0,54,54,54.0,0,0,0.0,0.0,0.0,0.0,0.0,20,0,54.0,54,PortScan
172.21.202.48,172.21.202.182,1763024019.742628,1763024019.742628,8600,0.0,1,0,54,0,54,54,54.0,0,0,0.0,0.0,0.0,0.0,0.0,20,0,54.0,54,PortScan
172.21.202.182,23.55.48.35,1763024019.9339395,1763024019.9981587,443,0.06421923637390137,1,1,66,66,66,66,66.0,66,66,66.0,2055.45888511444,31.14331644112788,0.0,0.0,32,32,66.0,66,BENIGN
172.21.202.182,192.168.82.13,1763024020.2422245,1763024020.2422245,80,0.0,1,0,74,0,74,74,74.0,0,0,0.0,0.0,0.0,0.0,0.0,40,0,74.0,74,BENIGN
172.21.202.182,192.168.82.14,1763024020.2422707,1763024020.2422707,80,0.0,1,0,74,0,74,74,74.0,0,0,0.0,0.0,0.0,0.0,0.0,40,0,74.0,74,BENIGN
172.21.202.182,192.168.82.15,1763024020.242295,1763024020.242295,80,0.0,1,0,74,0,74,74,74.0,0,0,0.0,0.0,0.0,0.0,0.0,40,0,74.0,74,BENIGN
172.21.202.182,192.168.82.16,1763024020.2423182,1763024020.2423182,80,0.0,1,0,74,0,74,74,74.0,0,0,0.0,0.0,0.0,0.0,0.0,40,0,74.0,74,BENIGN
172.21.202.182,192.168.82.17,1763024020.2423434,1763024020.2423434,80,0.0,1,0,74,0,74,74,74.0,0,0,0.0,0.0,0.0,0.0,0.0,40,0,74.0,74,BENIGN
172.21.202.182,192.168.82.18,1763024020.2423656,1763024020.2423656,80,0.0,1,0,74,0,74,74,74.0,0,0,0.0,0.0,0.0,0.0,0.0,40,0,74.0,74,BENIGN
172.21.202.182,192.168.82.19,1763024020.2423878,1763024020.2423878,80,0.0,1,0,74,0,74,74,74.0,0,0,0.0,0.0,0.0,0.0,0.0,40,0,74.0,74,BENIGN
172.21.202.182,192.168.82.20,1763024020.2424114,1763024020.2424114,80,0.0,1,0,74,0,74,74,74.0,0,0,0.0,0.0,0.0,0.0,0.0,40,0,74.0,74,BENIGN
172.21.202.182,192.168.82.21,1763024020.2424335,1763024020.2424335,80,0.0,1,0,74,0,74,74,74.0,0,0,0.0,0.0,0.0,0.0,0.0,40,0,74.0,74,BENIGN
172.21.202.182,192.168.82.22,1763024020.2424562,1763024020.2424562,80,0.0,1,0,74,0,74,74,74.0,0,0,0.0,0.0,0.0,0.0,0.0,40,0,74.0,74,BENIGN
172.21.202.48,172.21.202.182,1763024020.4259024,1763024020.4259024,9090,0.0,1,0,54,0,54,54,54.0,0,0,0.0,0.0,0.0,0.0,0.0,20,0,54.0,54,PortScan
172.21.202.48,172.21.202.182,1763024020.425903,1763024020.425903,79,0.0,1,0,54,0,54,54,54.0,0,0,0.0,0.0,0.0,0.0,0.0,20,0,54.0,54,PortScan
172.21.202.48,172.21.202.182,1763024020.4259033,1763024020.4259033,1641,0.0,1,0,54,0,54,54,54.0,0,0,0.0,0.0,0.0,0.0,0.0,20,0,54.0,54,PortScan
172.21.202.48,172.21.202.182,1763024020.4259622,1763024020.4259622,555,0.0,1,0,54,0,54,54,54.0,0,0,0.0,0.0,0.0,0.0,0.0,20,0,54.0,54,PortScan
172.21.202.48,172.21.202.182,1763024020.4259655,1763024020.4259655,9595,0.0,1,0,54,0,54,54,54.0,0,0,0.0,0.0,0.0,0.0,0.0,20,0,54.0,54,PortScan
172.21.202.48,172.21.202.182,1763024020.4259658,1763024020.4259658,2100,0.0,1,0,54,0,54,54,54.0,0,0,0.0,0.0,0.0,0.0,0.0,20,0,54.0,54,PortScan
172.21.202.48,172.21.202.182,1763024020.4259834,1763024020.4259834,7443,0.0,1,0,54,0,54,54,54.0,0,0,0.0,0.0,0.0,0.0,0.0,20,0,54.0,54,PortScan
172.21.202.48,172.21.202.182,1763024020.4259834,1763024020.4259834,1580,0.0,1,0,54,0,54,54,54.0,0,0,0.0,0.0,0.0,0.0,0.0,20,0,54.0,54,PortScan
172.21.202.48,172.21.202.182,1763024020.4259918,1763024020.4259918,9207,0.0,1,0,54,0,54,54,54.0,0,0,0.0,0.0,0.0,0.0,0.0,20,0,54.0,54,PortScan
172.21.202.48,172.21.202.182,1763024020.425992,1763024020.425992,49175,0.0,1,0,54,0,54,54,54.0,0,0,0.0,0.0,0.0,0.0,0.0,20,0,54.0,54,PortScan
172.21.202.182,192.168.82.41,1763024021.243246,1763024021.243246,80,0.0,1,0,74,0,74,74,74.0,0,0,0.0,0.0,0.0,0.0,0.0,40,0,74.0,74,BENIGN
172.21.202.182,192.168.82.42,1763024021.2432952,1763024021.2432952,80,0.0,1,0,74,0,74,74,74.0,0,0,0.0,0.0,0.0,0.0,0.0,40,0,74.0,74,BENIGN
172.21.202.182,192.168.82.43,1763024021.2433221,1763024021.2433221,80,0.0,1,0,74,0,74,74,74.0,0,0,0.0,0.0,0.0,0.0,0.0,40,0,74.0,74,BENIGN
172.21.202.182,192.168.82.44,1763024021.2433453,1763024021.2433453,80,0.0,1,0,74,0,74,74,74.0,0,0,0.0,0.0,0.0,0.0,0.0,40,0,74.0,74,BENIGN
172.21.202.182,192.168.82.45,1763024021.2433677,1763024021.2433677,80,0.0,1,0,74,0,74,74,74.0,0,0,0.0,0.0,0.0,0.0,0.0,40,0,74.0,74,BENIGN
172.21.202.182,192.168.82.46,1763024021.24339,1763024021.24339,80,0.0,1,0,74,0,74,74,74.0,0,0,0.0,0.0,0.0,0.0,0.0,40,0,74.0,74,BENIGN
172.21.202.182,192.168.82.47,1763024021.2434123,1763024021.2434123,80,0.0,1,0,74,0,74,74,74.0,0,0,0.0,0.0,0.0,0.0,0.0,40,0,74.0,74,BENIGN
172.21.202.182,192.168.82.48,1763024021.243434,1763024021.243434,80,0.0,1,0,74,0,74,74,74.0,0,0,0.0,0.0,0.0,0.0,0.0,40,0,74.0,74,BENIGN
172.21.202.182,192.168.82.49,1763024021.2434566,1763024021.2434566,80,0.0,1,0,74,0,74,74,74.0,0,0,0.0,0.0,0.0,0.0,0.0,40,0,74.0,74,BENIGN
172.21.202.182,192.168.82.50,1763024021.2434797,1763024021.2434797,80,0.0,1,0,74,0,74,74,74.0,0,0,0.0,0.0,0.0,0.0,0.0,40,0,74.0,74,BENIGN
172.21.202.48,172.21.202.182,1763024021.2479706,1763024021.2479706,9090,0.0,1,0,54,0,54,54,54.0,0,0,0.0,0.0,0.0,0.0,0.0,20,0,54.0,54,PortScan
172.21.202.48,172.21.202.182,1763024021.2479742,1763024021.2479742,1641,0.0,1,0,54,0,54,54,54.0,0,0,0.0,0.0,0.0,0.0,0.0,20,0,54.0,54,PortScan
172.21.202.48,172.21.202.182,1763024021.2479742,1763024021.2479742,79,0.0,1,0,54,0,54,54,54.0,0,0,0.0,0.0,0.0,0.0,0.0,20,0,54.0,54,PortScan
172.21.202.48,172.21.202.182,1763024021.2480187,1763024021.2480187,555,0.0,1,0,54,0,54,54,54.0,0,0,0.0,0.0,0.0,0.0,0.0,20,0,54.0,54,PortScan
172.21.202.48,172.21.202.182,1763024021.2480443,1763024021.2480443,1580,0.0,1,0,54,0,54,54,54.0,0,0,0.0,0.0,0.0,0.0,0.0,20,0,54.0,54,PortScan
172.21.202.48,172.21.202.182,1763024021.2480447,1763024021.2480447,7443,0.0,1,0,54,0,54,54,54.0,0,0,0.0,0.0,0.0,0.0,0.0,20,0,54.0,54,PortScan
172.21.202.48,172.21.202.182,1763024021.248077,1763024021.248077,9595,0.0,1,0,54,0,54,54,54.0,0,0,0.0,0.0,0.0,0.0,0.0,20,0,54.0,54,PortScan
172.21.202.48,172.21.202.182,1763024021.248077,1763024021.248077,2100,0.0,1,0,54,0,54,54,54.0,0,0,0.0,0.0,0.0,0.0,0.0,20,0,54.0,54,PortScan
172.21.202.48,172.21.202.182,1763024021.248092,1763024021.248092,49175,0.0,1,0,54,0,54,54,54.0,0,0,0.0,0.0,0.0,0.0,0.0,20,0,54.0,54,PortScan
172.21.202.48,172.21.202.182,1763024021.248092,1763024021.248092,9207,0.0,1,0,54,0,54,54,54.0,0,0,0.0,0.0,0.0,0.0,0.0,20,0,54.0,54,PortScan
172.21.202.182,172.21.202.180,1763024021.8687027,1763024021.8755963,53,0.006893634796142578,1,1,89,89,89,89,89.0,89,89,89.0,25820.92107629522,290.1227087224182,0.0,0.0,8,8,89.0,89,BENIGN
172.21.202.48,172.21.202.182,1763024021.8755949,1763024021.8755949,1023,0.0,1,0,54,0,54,54,54.0,0,0,0.0,0.0,0.0,0.0,0.0,20,0,54.0,54,PortScan
172.21.202.48,172.21.202.182,1763024021.8755963,1763024021.8755963,1328,0.0,1,0,54,0,54,54,54.0,0,0,0.0,0.0,0.0,0.0,0.0,20,0,54.0,54,PortScan
172.21.202.48,172.21.202.182,1763024021.8756478,1763024021.8756478,14442,0.0,1,0,54,0,54,54,54.0,0,0,0.0,0.0,0.0,0.0,0.0,20,0,54.0,54,PortScan
172.21.202.48,172.21.202.182,1763024021.875648,1763024021.875648,6004,0.0,1,0,54,0,54,54,54.0,0,0,0.0,0.0,0.0,0.0,0.0,20,0,54.0,54,PortScan
172.21.202.48,172.21.202.182,1763024021.875648,1763024021.875648,3546,0.0,1,0,54,0,54,54,54.0,0,0,0.0,0.0,0.0,0.0,0.0,20,0,54.0,54,PortScan
172.21.202.48,172.21.202.182,1763024021.8756483,1763024021.8756483,1700,0.0,1,0,54,0,54,54,54.0,0,0,0.0,0.0,0.0,0.0,0.0,20,0,54.0,54,PortScan
172.21.202.48,172.21.202.182,1763024021.87566,1763024021.87566,1026,0.0,1,0,54,0,54,54,54.0,0,0,0.0,0.0,0.0,0.0,0.0,20,0,54.0,54,PortScan
172.21.202.48,172.21.202.182,1763024021.8756602,1763024021.8756602,19101,0.0,1,0,54,0,54,54,54.0,0,0,0.0,0.0,0.0,0.0,0.0,20,0,54.0,54,PortScan
172.21.202.48,172.21.202.182,1763024021.8756778,1763024021.8756778,125,0.0,1,0,54,0,54,54,54.0,0,0,0.0,0.0,0.0,0.0,0.0,20,0,54.0,54,PortScan
172.21.202.48,172.21.202.182,1763024021.8756895,1763024021.8756895,2007,0.0,1,0,54,0,54,54,54.0,0,0,0.0,0.0,0.0,0.0,0.0,20,0,54.0,54,PortScan
172.21.202.182,140.82.114.21,1763024021.876451,1763024024.1454587,443,2.269007682800293,15,10,5014,1389,2842,66,334.26666666666665,653,54,138.9,2821.938439669691,11.018032327306306,0.14754080772399902,0.11375241809421116,520,280,256.12,5014,BENIGN
172.21.202.182,20.250.119.64,1763024021.97792,1763024022.0566823,443,0.07876229286193848,1,1,66,66,66,66,66.0,66,66,66.0,1675.9288639727806,25.39286157534516,0.0,0.0,32,32,66.0,66,BENIGN
172.21.202.182,192.168.82.27,1763024022.2445776,1763024022.2445776,80,0.0,1,0,74,0,74,74,74.0,0,0,0.0,0.0,0.0,0.0,0.0,40,0,74.0,74,BENIGN
172.21.202.182,192.168.82.28,1763024022.2446322,1763024022.2446322,80,0.0,1,0,74,0,74,74,74.0,0,0,0.0,0.0,0.0,0.0,0.0,40,0,74.0,74,BENIGN
172.21.202.182,192.168.82.29,1763024022.244658,1763024022.244658,80,0.0,1,0,74,0,74,74,74.0,0,0,0.0,0.0,0.0,0.0,0.0,40,0,74.0,74,BENIGN
172.21.202.182,192.168.82.30,1763024022.2446823,1763024022.2446823,80,0.0,1,0,74,0,74,74,74.0,0,0,0.0,0.0,0.0,0.0,0.0,40,0,74.0,74,BENIGN
172.21.202.182,192.168.82.31,1763024022.244707,1763024022.244707,80,0.0,1,0,74,0,74,74,74.0,0,0,0.0,0.0,0.0,0.0,0.0,40,0,74.0,74,BENIGN
172.21.202.182,192.168.82.32,1763024022.2447307,1763024022.2447307,80,0.0,1,0,74,0,74,74,74.0,0,0,0.0,0.0,0.0,0.0,0.0,40,0,74.0,74,BENIGN
172.21.202.182,192.168.82.33,1763024022.244754,1763024022.244754,80,0.0,1,0,74,0,74,74,74.0,0,0,0.0,0.0,0.0,0.0,0.0,40,0,74.0,74,BENIGN
172.21.202.182,192.168.82.34,1763024022.2447805,1763024022.2447805,80,0.0,1,0,74,0,74,74,74.0,0,0,0.0,0.0,0.0,0.0,0.0,40,0,74.0,74,BENIGN
172.21.202.182,192.168.82.35,1763024022.2448046,1763024022.2448046,80,0.0,1,0,74,0,74,74,74.0,0,0,0.0,0.0,0.0,0.0,0.0,40,0,74.0,74,BENIGN
172.21.202.182,192.168.82.36,1763024022.244829,1763024022.244829,80,0.0,1,0,74,0,74,74,74.0,0,0,0.0,0.0,0.0,0.0,0.0,40,0,74.0,74,BENIGN
172.21.202.48,172.21.202.182,1763024022.7134616,1763024022.7134616,1023,0.0,1,0,54,0,54,54,54.0,0,0,0.0,0.0,0.0,0.0,0.0,20,0,54.0,54,PortScan
172.21.202.48,172.21.202.182,1763024022.7134638,1763024022.7134638,19101,0.0,1,0,54,0,54,54,54.0,0,0,0.0,0.0,0.0,0.0,0.0,20,0,54.0,54,PortScan
172.21.202.48,172.21.202.182,1763024022.7134638,1763024022.7134638,1026,0.0,1,0,54,0,54,54,54.0,0,0,0.0,0.0,0.0,0.0,0.0,20,0,54.0,54,PortScan
172.21.202.48,172.21.202.182,1763024022.7135134,1763024022.7135134,125,0.0,1,0,54,0,54,54,54.0,0,0,0.0,0.0,0.0,0.0,0.0,20,0,54.0,54,PortScan
172.21.202.48,172.21.202.182,1763024022.7135224,1763024022.7135224,1700,0.0,1,0,54,0,54,54,54.0,0,0,0.0,0.0,0.0,0.0,0.0,20,0,54.0,54,PortScan
172.21.202.48,172.21.202.182,1763024022.7135224,1763024022.7135224,6004,0.0,1,0,54,0,54,54,54.0,0,0,0.0,0.0,0.0,0.0,0.0,20,0,54.0,54,PortScan
172.21.202.48,172.21.202.182,1763024022.7135227,1763024022.7135227,14442,0.0,1,0,54,0,54,54,54.0,0,0,0.0,0.0,0.0,0.0,0.0,20,0,54.0,54,PortScan
172.21.202.48,172.21.202.182,1763024022.713523,1763024022.713523,3546,0.0,1,0,54,0,54,54,54.0,0,0,0.0,0.0,0.0,0.0,0.0,20,0,54.0,54,PortScan
172.21.202.48,172.21.202.182,1763024022.7135286,1763024022.7135286,1328,0.0,1,0,54,0,54,54,54.0,0,0,0.0,0.0,0.0,0.0,0.0,20,0,54.0,54,PortScan
172.21.202.48,172.21.202.182,1763024022.7135425,1763024022.7135425,2007,0.0,1,0,54,0,54,54,54.0,0,0,0.0,0.0,0.0,0.0,0.0,20,0,54.0,54,PortScan
172.21.202.182,142.250.200.106,1763024023.2122955,1763024023.4448988,443,0.2326033115386963,2,2,142,135,71,71,71.0,68,67,67.5,1190.8686861232318,17.196659727411287,0.16427969932556152,0.04655718803405762,16,16,69.25,142,BENIGN
172.21.202.182,192.168.82.55,1763024023.2453272,1763024023.2453272,80,0.0,1,0,74,0,74,74,74.0,0,0,0.0,0.0,0.0,0.0,0.0,40,0,74.0,74,BENIGN
172.21.202.182,192.168.82.56,1763024023.2453985,1763024023.2453985,80,0.0,1,0,74,0,74,74,74.0,0,0,0.0,0.0,0.0,0.0,0.0,40,0,74.0,74,BENIGN
172.21.202.182,192.168.82.57,1763024023.2454414,1763024023.2454414,80,0.0,1,0,74,0,74,74,74.0,0,0,0.0,0.0,0.0,0.0,0.0,40,0,74.0,74,BENIGN
172.21.202.182,192.168.82.58,1763024023.2454803,1763024023.2454803,80,0.0,1,0,74,0,74,74,74.0,0,0,0.0,0.0,0.0,0.0,0.0,40,0,74.0,74,BENIGN
172.21.202.182,192.168.82.59,1763024023.2455187,1763024023.2455187,80,0.0,1,0,74,0,74,74,74.0,0,0,0.0,0.0,0.0,0.0,0.0,40,0,74.0,74,BENIGN
172.21.202.182,192.168.82.60,1763024023.245556,1763024023.245556,80,0.0,1,0,74,0,74,74,74.0,0,0,0.0,0.0,0.0,0.0,0.0,40,0,74.0,74,BENIGN
172.21.202.182,192.168.82.61,1763024023.2455983,1763024023.2455983,80,0.0,1,0,74,0,74,74,74.0,0,0,0.0,0.0,0.0,0.0,0.0,40,0,74.0,74,BENIGN
172.21.202.182,192.168.82.62,1763024023.245629,1763024023.245629,80,0.0,1,0,74,0,74,74,74.0,0,0,0.0,0.0,0.0,0.0,0.0,40,0,74.0,74,BENIGN
172.21.202.182,192.168.82.63,1763024023.245655,1763024023.245655,80,0.0,1,0,74,0,74,74,74.0,0,0,0.0,0.0,0.0,0.0,0.0,40,0,74.0,74,BENIGN
172.21.202.182,192.168.82.64,1763024023.2456799,1763024023.2456799,80,0.0,1,0,74,0,74,74,74.0,0,0,0.0,0.0,0.0,0.0,0.0,40,0,74.0,74,BENIGN
172.21.202.48,172.21.202.182,1763024023.3342547,1763024023.3342547,683,0.0,1,0,54,0,54,54,54.0,0,0,0.0,0.0,0.0,0.0,0.0,20,0,54.0,54,PortScan
172.21.202.48,172.21.202.182,1763024023.3342533,1763024023.3342533,10621,0.0,1,0,54,0,54,54,54.0,0,0,0.0,0.0,0.0,0.0,0.0,20,0,54.0,54,PortScan
172.21.202.48,172.21.202.182,1763024023.3342547,1763024023.3342547,6547,0.0,1,0,54,0,54,54,54.0,0,0,0.0,0.0,0.0,0.0,0.0,20,0,54.0,54,PortScan
172.21.202.48,172.21.202.182,1763024023.3343098,1763024023.3343098,13722,0.0,1,0,54,0,54,54,54.0,0,0,0.0,0.0,0.0,0.0,0.0,20,0,54.0,54,PortScan
172.21.202.48,172.21.202.182,1763024023.3343124,1763024023.3343124,2800,0.0,1,0,54,0,54,54,54.0,0,0,0.0,0.0,0.0,0.0,0.0,20,0,54.0,54,PortScan
172.21.202.48,172.21.202.182,1763024023.3343124,1763024023.3343124,5001,0.0,1,0,54,0,54,54,54.0,0,0,0.0,0.0,0.0,0.0,0.0,20,0,54.0,54,PortScan
172.21.202.48,172.21.202.182,1763024023.334336,1763024023.334336,6565,0.0,1,0,54,0,54,54,54.0,0,0,0.0,0.0,0.0,0.0,0.0,20,0,54.0,54,PortScan
172.21.202.48,172.21.202.182,1763024023.3343363,1763024023.3343363,9,0.0,1,0,54,0,54,54,54.0,0,0,0.0,0.0,0.0,0.0,0.0,20,0,54.0,54,PortScan
172.21.202.48,172.21.202.182,1763024023.3343363,1763024023.3343363,3476,0.0,1,0,54,0,54,54,54.0,0,0,0.0,0.0,0.0,0.0,0.0,20,0,54.0,54,PortScan
172.21.202.48,172.21.202.182,1763024023.3343365,1763024023.3343365,1102,0.0,1,0,54,0,54,54,54.0,0,0,0.0,0.0,0.0,0.0,0.0,20,0,54.0,54,PortScan
172.21.202.48,172.21.202.182,1763024024.1453865,1763024024.1453865,10621,0.0,1,0,54,0,54,54,54.0,0,0,0.0,0.0,0.0,0.0,0.0,20,0,54.0,54,PortScan
172.21.202.48,172.21.202.182,1763024024.1453874,1763024024.1453874,683,0.0,1,0,54,0,54,54,54.0,0,0,0.0,0.0,0.0,0.0,0.0,20,0,54.0,54,PortScan
172.21.202.48,172.21.202.182,1763024024.1453876,1763024024.1453876,6547,0.0,1,0,54,0,54,54,54.0,0,0,0.0,0.0,0.0,0.0,0.0,20,0,54.0,54,PortScan
172.21.202.48,172.21.202.182,1763024024.1454499,1763024024.1454499,2800,0.0,1,0,54,0,54,54,54.0,0,0,0.0,0.0,0.0,0.0,0.0,20,0,54.0,54,PortScan
172.21.202.48,172.21.202.182,1763024024.14545,1763024024.14545,5001,0.0,1,0,54,0,54,54,54.0,0,0,0.0,0.0,0.0,0.0,0.0,20,0,54.0,54,PortScan
172.21.202.48,172.21.202.182,1763024024.1454582,1763024024.1454582,13722,0.0,1,0,54,0,54,54,54.0,0,0,0.0,0.0,0.0,0.0,0.0,20,0,54.0,54,PortScan
172.21.202.48,172.21.202.182,1763024024.1454782,1763024024.1454782,3476,0.0,1,0,54,0,54,54,54.0,0,0,0.0,0.0,0.0,0.0,0.0,20,0,54.0,54,PortScan
172.21.202.48,172.21.202.182,1763024024.1454785,1763024024.1454785,6565,0.0,1,0,54,0,54,54,54.0,0,0,0.0,0.0,0.0,0.0,0.0,20,0,54.0,54,PortScan
172.21.202.48,172.21.202.182,1763024024.1455398,1763024024.1455398,9,0.0,1,0,54,0,54,54,54.0,0,0,0.0,0.0,0.0,0.0,0.0,20,0,54.0,54,PortScan
172.21.202.48,172.21.202.182,1763024024.14554,1763024024.14554,1102,0.0,1,0,54,0,54,54,54.0,0,0,0.0,0.0,0.0,0.0,0.0,20,0,54.0,54,PortScan
172.21.202.182,192.168.82.41,1763024024.2462718,1763024024.2462718,80,0.0,1,0,74,0,74,74,74.0,0,0,0.0,0.0,0.0,0.0,0.0,40,0,74.0,74,BENIGN
172.21.202.182,192.168.82.42,1763024024.2463381,1763024024.2463381,80,0.0,1,0,74,0,74,74,74.0,0,0,0.0,0.0,0.0,0.0,0.0,40,0,74.0,74,BENIGN
172.21.202.182,192.168.82.43,1763024024.246377,1763024024.246377,80,0.0,1,0,74,0,74,74,74.0,0,0,0.0,0.0,0.0,0.0,0.0,40,0,74.0,74,BENIGN
172.21.202.182,192.168.82.44,1763024024.2464147,1763024024.2464147,80,0.0,1,0,74,0,74,74,74.0,0,0,0.0,0.0,0.0,0.0,0.0,40,0,74.0,74,BENIGN
172.21.202.182,192.168.82.45,1763024024.2464457,1763024024.2464457,80,0.0,1,0,74,0,74,74,74.0,0,0,0.0,0.0,0.0,0.0,0.0,40,0,74.0,74,BENIGN
172.21.202.182,192.168.82.46,1763024024.246474,1763024024.246474,80,0.0,1,0,74,0,74,74,74.0,0,0,0.0,0.0,0.0,0.0,0.0,40,0,74.0,74,BENIGN
172.21.202.182,192.168.82.47,1763024024.2464995,1763024024.2464995,80,0.0,1,0,74,0,74,74,74.0,0,0,0.0,0.0,0.0,0.0,0.0,40,0,74.0,74,BENIGN
172.21.202.182,192.168.82.48,1763024024.2465472,1763024024.2465472,80,0.0,1,0,74,0,74,74,74.0,0,0,0.0,0.0,0.0,0.0,0.0,40,0,74.0,74,BENIGN
172.21.202.182,192.168.82.49,1763024024.246589,1763024024.246589,80,0.0,1,0,74,0,74,74,74.0,0,0,0.0,0.0,0.0,0.0,0.0,40,0,74.0,74,BENIGN
172.21.202.182,192.168.82.50,1763024024.246627,1763024024.246627,80,0.0,1,0,74,0,74,74,74.0,0,0,0.0,0.0,0.0,0.0,0.0,40,0,74.0,74,BENIGN
172.21.202.48,172.21.202.182,1763024024.8015842,1763024024.8015842,5801,0.0,1,0,54,0,54,54,54.0,0,0,0.0,0.0,0.0,0.0,0.0,20,0,54.0,54,PortScan
172.21.202.48,172.21.202.182,1763024024.8015847,1763024024.8015847,9100,0.0,1,0,54,0,54,54,54.0,0,0,0.0,0.0,0.0,0.0,0.0,20,0,54.0,54,PortScan
172.21.202.48,172.21.202.182,1763024024.8016655,1763024024.8016655,1688,0.0,1,0,54,0,54,54,54.0,0,0,0.0,0.0,0.0,0.0,0.0,20,0,54.0,54,PortScan
172.21.202.48,172.21.202.182,1763024024.8016682,1763024024.8016682,27715,0.0,1,0,54,0,54,54,54.0,0,0,0.0,0.0,0.0,0.0,0.0,20,0,54.0,54,PortScan
172.21.202.48,172.21.202.182,1763024024.8016684,1763024024.8016684,2006,0.0,1,0,54,0,54,54,54.0,0,0,0.0,0.0,0.0,0.0,0.0,20,0,54.0,54,PortScan
172.21.202.48,172.21.202.182,1763024024.801708,1763024024.801708,9102,0.0,1,0,54,0,54,54,54.0,0,0,0.0,0.0,0.0,0.0,0.0,20,0,54.0,54,PortScan
172.21.202.48,172.21.202.182,1763024024.8017106,1763024024.8017106,2811,0.0,1,0,54,0,54,54,54.0,0,0,0.0,0.0,0.0,0.0,0.0,20,0,54.0,54,PortScan
172.21.202.48,172.21.202.182,1763024024.8017108,1763024024.8017108,19,0.0,1,0,54,0,54,54,54.0,0,0,0.0,0.0,0.0,0.0,0.0,20,0,54.0,54,PortScan
172.21.202.48,172.21.202.182,1763024024.8017302,1763024024.8017302,2196,0.0,1,0,54,0,54,54,54.0,0,0,0.0,0.0,0.0,0.0,0.0,20,0,54.0,54,PortScan
172.21.202.48,172.21.202.182,1763024024.8017447,1763024024.8017447,8254,0.0,1,0,54,0,54,54,54.0,0,0,0.0,0.0,0.0,0.0,0.0,20,0,54.0,54,PortScan
172.21.202.182,192.168.82.69,1763024025.2472644,1763024025.2472644,80,0.0,1,0,74,0,74,74,74.0,0,0,0.0,0.0,0.0,0.0,0.0,40,0,74.0,74,BENIGN
172.21.202.182,192.168.82.70,1763024025.2473247,1763024025.2473247,80,0.0,1,0,74,0,74,74,74.0,0,0,0.0,0.0,0.0,0.0,0.0,40,0,74.0,74,BENIGN
172.21.202.182,192.168.82.71,1763024025.2473583,1763024025.2473583,80,0.0,1,0,74,0,74,74,74.0,0,0,0.0,0.0,0.0,0.0,0.0,40,0,74.0,74,BENIGN
172.21.202.182,192.168.82.72,1763024025.2473826,1763024025.2473826,80,0.0,1,0,74,0,74,74,74.0,0,0,0.0,0.0,0.0,0.0,0.0,40,0,74.0,74,BENIGN
172.21.202.182,192.168.82.73,1763024025.2474058,1763024025.2474058,80,0.0,1,0,74,0,74,74,74.0,0,0,0.0,0.0,0.0,0.0,0.0,40,0,74.0,74,BENIGN
172.21.202.182,192.168.82.74,1763024025.247429,1763024025.247429,80,0.0,1,0,74,0,74,74,74.0,0,0,0.0,0.0,0.0,0.0,0.0,40,0,74.0,74,BENIGN
172.21.202.182,192.168.82.75,1763024025.2474515,1763024025.2474515,80,0.0,1,0,74,0,74,74,74.0,0,0,0.0,0.0,0.0,0.0,0.0,40,0,74.0,74,BENIGN
172.21.202.182,192.168.82.76,1763024025.2474737,1763024025.2474737,80,0.0,1,0,74,0,74,74,74.0,0,0,0.0,0.0,0.0,0.0,0.0,40,0,74.0,74,BENIGN
172.21.202.182,192.168.82.77,1763024025.2474973,1763024025.2474973,80,0.0,1,0,74,0,74,74,74.0,0,0,0.0,0.0,0.0,0.0,0.0,40,0,74.0,74,BENIGN
172.21.202.182,192.168.82.78,1763024025.2475202,1763024025.2475202,80,0.0,1,0,74,0,74,74,74.0,0,0,0.0,0.0,0.0,0.0,0.0,40,0,74.0,74,BENIGN
172.21.202.182,216.58.209.67,1763024025.3230355,1763024025.532938,443,0.20990252494812012,5,9,533,850,156,66,106.6,140,66,94.44444444444444,6588.7725759460245,66.69762549764594,0.02677851915359497,0.016771167516708374,160,288,98.78571428571429,533,BENIGN
172.21.202.48,172.21.202.182,1763024025.5329382,1763024025.5329382,1688,0.0,1,0,54,0,54,54,54.0,0,0,0.0,0.0,0.0,0.0,0.0,20,0,54.0,54,PortScan
172.21.202.48,172.21.202.182,1763024025.5329928,1763024025.5329928,19,0.0,1,0,54,0,54,54,54.0,0,0,0.0,0.0,0.0,0.0,0.0,20,0,54.0,54,PortScan
172.21.202.48,172.21.202.182,1763024025.532993,1763024025.532993,2811,0.0,1,0,54,0,54,54,54.0,0,0,0.0,0.0,0.0,0.0,0.0,20,0,54.0,54,PortScan
172.21.202.48,172.21.202.182,1763024025.5330024,1763024025.5330024,27715,0.0,1,0,54,0,54,54,54.0,0,0,0.0,0.0,0.0,0.0,0.0,20,0,54.0,54,PortScan
172.21.202.48,172.21.202.182,1763024025.5330026,1763024025.5330026,2006,0.0,1,0,54,0,54,54,54.0,0,0,0.0,0.0,0.0,0.0,0.0,20,0,54.0,54,PortScan
172.21.202.48,172.21.202.182,1763024025.533015,1763024025.533015,2196,0.0,1,0,54,0,54,54,54.0,0,0,0.0,0.0,0.0,0.0,0.0,20,0,54.0,54,PortScan
172.21.202.48,172.21.202.182,1763024025.5330162,1763024025.5330162,5801,0.0,1,0,54,0,54,54,54.0,0,0,0.0,0.0,0.0,0.0,0.0,20,0,54.0,54,PortScan
172.21.202.48,172.21.202.182,1763024025.5330167,1763024025.5330167,9100,0.0,1,0,54,0,54,54,54.0,0,0,0.0,0.0,0.0,0.0,0.0,20,0,54.0,54,PortScan
172.21.202.48,172.21.202.182,1763024025.5330248,1763024025.5330248,9102,0.0,1,0,54,0,54,54,54.0,0,0,0.0,0.0,0.0,0.0,0.0,20,0,54.0,54,PortScan
172.21.202.48,172.21.202.182,1763024025.533029,1763024025.533029,8254,0.0,1,0,54,0,54,54,54.0,0,0,0.0,0.0,0.0,0.0,0.0,20,0,54.0,54,PortScan
172.21.202.182,192.168.82.55,1763024026.2490582,1763024026.2490582,80,0.0,1,0,74,0,74,74,74.0,0,0,0.0,0.0,0.0,0.0,0.0,40,0,74.0,74,BENIGN
172.21.202.182,192.168.82.56,1763024026.249135,1763024026.249135,80,0.0,1,0,74,0,74,74,74.0,0,0,0.0,0.0,0.0,0.0,0.0,40,0,74.0,74,BENIGN
172.21.202.182,192.168.82.57,1763024026.2491686,1763024026.2491686,80,0.0,1,0,74,0,74,74,74.0,0,0,0.0,0.0,0.0,0.0,0.0,40,0,74.0,74,BENIGN
172.21.202.182,192.168.82.58,1763024026.2491937,1763024026.2491937,80,0.0,1,0,74,0,74,74,74.0,0,0,0.0,0.0,0.0,0.0,0.0,40,0,74.0,74,BENIGN
172.21.202.182,192.168.82.59,1763024026.24922,1763024026.24922,80,0.0,1,0,74,0,74,74,74.0,0,0,0.0,0.0,0.0,0.0,0.0,40,0,74.0,74,BENIGN
172.21.202.182,192.168.82.60,1763024026.2492447,1763024026.2492447,80,0.0,1,0,74,0,74,74,74.0,0,0,0.0,0.0,0.0,0.0,0.0,40,0,74.0,74,BENIGN
172.21.202.182,192.168.82.61,1763024026.2492704,1763024026.2492704,80,0.0,1,0,74,0,74,74,74.0,0,0,0.0,0.0,0.0,0.0,0.0,40,0,74.0,74,BENIGN
172.21.202.182,192.168.82.62,1763024026.2492967,1763024026.2492967,80,0.0,1,0,74,0,74,74,74.0,0,0,0.0,0.0,0.0,0.0,0.0,40,0,74.0,74,BENIGN
172.21.202.182,192.168.82.63,1763024026.2493236,1763024026.2493236,80,0.0,1,0,74,0,74,74,74.0,0,0,0.0,0.0,0.0,0.0,0.0,40,0,74.0,74,BENIGN
172.21.202.182,192.168.82.64,1763024026.249349,1763024026.249349,80,0.0,1,0,74,0,74,74,74.0,0,0,0.0,0.0,0.0,0.0,0.0,40,0,74.0,74,BENIGN
172.21.202.48,172.21.202.182,1763024026.2579696,1763024026.2579696,9878,0.0,1,0,54,0,54,54,54.0,0,0,0.0,0.0,0.0,0.0,0.0,20,0,54.0,54,PortScan
172.21.202.48,172.21.202.182,1763024026.2579727,1763024026.2579727,5033,0.0,1,0,54,0,54,54,54.0,0,0,0.0,0.0,0.0,0.0,0.0,20,0,54.0,54,PortScan
172.21.202.48,172.21.202.182,1763024026.257977,1763024026.257977,987,0.0,1,0,54,0,54,54,54.0,0,0,0.0,0.0,0.0,0.0,0.0,20,0,54.0,54,PortScan
172.21.202.48,172.21.202.182,1763024026.2579772,1763024026.2579772,49163,0.0,1,0,54,0,54,54,54.0,0,0,0.0,0.0,0.0,0.0,0.0,20,0,54.0,54,PortScan
172.21.202.48,172.21.202.182,1763024026.2579772,1763024026.2579772,1148,0.0,1,0,54,0,54,54,54.0,0,0,0.0,0.0,0.0,0.0,0.0,20,0,54.0,54,PortScan
172.21.202.48,172.21.202.182,1763024026.2580156,1763024026.2580156,8873,0.0,1,0,54,0,54,54,54.0,0,0,0.0,0.0,0.0,0.0,0.0,20,0,54.0,54,PortScan
172.21.202.48,172.21.202.182,1763024026.2580178,1763024026.2580178,1164,0.0,1,0,54,0,54,54,54.0,0,0,0.0,0.0,0.0,0.0,0.0,20,0,54.0,54,PortScan
172.21.202.48,172.21.202.182,1763024026.258018,1763024026.258018,543,0.0,1,0,54,0,54,54,54.0,0,0,0.0,0.0,0.0,0.0,0.0,20,0,54.0,54,PortScan
172.21.202.48,172.21.202.182,1763024026.2580338,1763024026.2580338,1072,0.0,1,0,54,0,54,54,54.0,0,0,0.0,0.0,0.0,0.0,0.0,20,0,54.0,54,PortScan
172.21.202.48,172.21.202.182,1763024026.2580338,1763024026.2580338,2383,0.0,1,0,54,0,54,54,54.0,0,0,0.0,0.0,0.0,0.0,0.0,20,0,54.0,54,PortScan
172.21.202.48,172.21.202.182,1763024027.0146482,1763024027.0146482,9878,0.0,1,0,54,0,54,54,54.0,0,0,0.0,0.0,0.0,0.0,0.0,20,0,54.0,54,PortScan
172.21.202.48,172.21.202.182,1763024027.0146868,1763024027.0146868,5033,0.0,1,0,54,0,54,54,54.0,0,0,0.0,0.0,0.0,0.0,0.0,20,0,54.0,54,PortScan
172.21.202.48,172.21.202.182,1763024027.0146897,1763024027.0146897,49163,0.0,1,0,54,0,54,54,54.0,0,0,0.0,0.0,0.0,0.0,0.0,20,0,54.0,54,PortScan
172.21.202.48,172.21.202.182,1763024027.01469,1763024027.01469,987,0.0,1,0,54,0,54,54,54.0,0,0,0.0,0.0,0.0,0.0,0.0,20,0,54.0,54,PortScan
172.21.202.48,172.21.202.182,1763024027.01469,1763024027.01469,1148,0.0,1,0,54,0,54,54,54.0,0,0,0.0,0.0,0.0,0.0,0.0,20,0,54.0,54,PortScan
172.21.202.48,172.21.202.182,1763024027.0147166,1763024027.0147166,8873,0.0,1,0,54,0,54,54,54.0,0,0,0.0,0.0,0.0,0.0,0.0,20,0,54.0,54,PortScan
172.21.202.48,172.21.202.182,1763024027.0147183,1763024027.0147183,543,0.0,1,0,54,0,54,54,54.0,0,0,0.0,0.0,0.0,0.0,0.0,20,0,54.0,54,PortScan
172.21.202.48,172.21.202.182,1763024027.0147183,1763024027.0147183,1164,0.0,1,0,54,0,54,54,54.0,0,0,0.0,0.0,0.0,0.0,0.0,20,0,54.0,54,PortScan
172.21.202.48,172.21.202.182,1763024027.0147297,1763024027.0147297,1072,0.0,1,0,54,0,54,54,54.0,0,0,0.0,0.0,0.0,0.0,0.0,20,0,54.0,54,PortScan
172.21.202.48,172.21.202.182,1763024027.0147297,1763024027.0147297,2383,0.0,1,0,54,0,54,54,54.0,0,0,0.0,0.0,0.0,0.0,0.0,20,0,54.0,54,PortScan
172.21.202.182,192.168.82.83,1763024027.250261,1763024027.250261,80,0.0,1,0,74,0,74,74,74.0,0,0,0.0,0.0,0.0,0.0,0.0,40,0,74.0,74,BENIGN
172.21.202.182,192.168.82.84,1763024027.250314,1763024027.250314,80,0.0,1,0,74,0,74,74,74.0,0,0,0.0,0.0,0.0,0.0,0.0,40,0,74.0,74,BENIGN
172.21.202.182,192.168.82.85,1763024027.250339,1763024027.250339,80,0.0,1,0,74,0,74,74,74.0,0,0,0.0,0.0,0.0,0.0,0.0,40,0,74.0,74,BENIGN
172.21.202.182,192.168.82.86,1763024027.2503629,1763024027.2503629,80,0.0,1,0,74,0,74,74,74.0,0,0,0.0,0.0,0.0,0.0,0.0,40,0,74.0,74,BENIGN
172.21.202.182,192.168.82.87,1763024027.2503872,1763024027.2503872,80,0.0,1,0,74,0,74,74,74.0,0,0,0.0,0.0,0.0,0.0,0.0,40,0,74.0,74,BENIGN
172.21.202.182,192.168.82.88,1763024027.2504108,1763024027.2504108,80,0.0,1,0,74,0,74,74,74.0,0,0,0.0,0.0,0.0,0.0,0.0,40,0,74.0,74,BENIGN
172.21.202.182,192.168.82.89,1763024027.250434,1763024027.250434,80,0.0,1,0,74,0,74,74,74.0,0,0,0.0,0.0,0.0,0.0,0.0,40,0,74.0,74,BENIGN
172.21.202.182,192.168.82.90,1763024027.2504573,1763024027.2504573,80,0.0,1,0,74,0,74,74,74.0,0,0,0.0,0.0,0.0,0.0,0.0,40,0,74.0,74,BENIGN
172.21.202.182,192.168.82.91,1763024027.250482,1763024027.250482,80,0.0,1,0,74,0,74,74,74.0,0,0,0.0,0.0,0.0,0.0,0.0,40,0,74.0,74,BENIGN
172.21.202.182,192.168.82.92,1763024027.250506,1763024027.250506,80,0.0,1,0,74,0,74,74,74.0,0,0,0.0,0.0,0.0,0.0,0.0,40,0,74.0,74,BENIGN
